iter	RMSE
0	12.32421402
100	8.157938282
200	7.971981799
300	7.761951365
400	7.592996993
500	7.385362762
600	7.241594749
700	7.081513485
800	6.959279907
900	6.845979611
999	6.725906021
